{
  "movies": [
    {
      "vote_count": 2655,
      "id": 268,
      "video": false,
      "vote_average": 7,
      "title": "Batman",
      "popularity": 33.570968,
      "poster_path": "/kBf3g9crrADGMc2AMAMlLBgSm2h.jpg",
      "original_language": "en",
      "original_title": "Batman",
      "genre_ids": [
        14,
        28
      ],
      "backdrop_path": "/2blmxp2pr4BhwQr74AdCfwgfMOb.jpg",
      "adult": false,
      "overview": "The Dark Knight of Gotham City begins his war on crime with his first major enemy being the clownishly homicidal Joker, who has seized control of Gotham's underworld.",
      "release_date": "1989-06-23"
    },
    {
      "vote_count": 262,
      "id": 2661,
      "video": false,
      "vote_average": 6.1,
      "title": "Batman",
      "popularity": 8.366012,
      "poster_path": "/udDVJXtAFsQ8DimrXkVFqy4DGEQ.jpg",
      "original_language": "en",
      "original_title": "Batman",
      "genre_ids": [
        10751,
        12,
        35,
        878,
        80
      ],
      "backdrop_path": "/5gcdof2PKH1emllBdN1VXU706IP.jpg",
      "adult": false,
      "overview": "The Dynamic Duo faces four super-villains who plan to hold the world for ransom with the help of a secret invention that instantly dehydrates people.",
      "release_date": "1966-07-30"
    },
    {
      "vote_count": 8913,
      "id": 272,
      "video": false,
      "vote_average": 7.5,
      "title": "Batman Begins",
      "popularity": 41.445898,
      "poster_path": "/dr6x4GyyegBWtinPBzipY02J2lV.jpg",
      "original_language": "en",
      "original_title": "Batman Begins",
      "genre_ids": [
        28,
        80,
        18
      ],
      "backdrop_path": "/65JWXDCAfwHhJKnDwRnEgVB411X.jpg",
      "adult": false,
      "overview": "Driven by tragedy, billionaire Bruce Wayne dedicates his life to uncovering and defeating the corruption that plagues his home, Gotham City.  Unable to work within the system, he instead creates a new identity, a symbol of fear for the criminal underworld - The Batman.",
      "release_date": "2005-06-10"
    }
  ]
}